Gone Fishin',Comedy,Youspan,810,3699139
"Mother, Jugs & Speed",Comedy,Geba,1103,2082412
Empire,Crime|Drama,Ailane,586,2758004
Off the Charts: The Song-Poem Story,Documentary,Youtags,1303,3703820
Winter Light (Nattvardsgästerna),Drama,Eabox,1185,1267401
3some (Castillos de cartón),Drama|Romance,Skipstorm,1451,1449742
Only God Knows (Sólo Dios Sabe),Drama|Mystery|Romance,Gabvine,883,1816461
Princess Tam-Tam (Princesse Tam-Tam),Comedy|Drama,Gevee,1878,1247246
Bounty Hunters (Bail Enforcers),Action,Ailane,1759,3011152
"Botany of Desire, The",Documentary,Realbuzz,66,3058736
